Name,Assigned_Clade_Tree2,seq_vals
Dada55,NT-Alpha,TACCAGCACCTCGAGTGGTCAGGACGTTTATTGGGCCTAAAGCATCCGTAGCCGGCTCTGCAAGTCTTCGGTTAAATCCACCTGCTCAACAGATGGGCTGCTGGAGATACTACAGAGCTAGGGAGTGGGAGAGGCAGACGGTATTCAGTGGGTAGGGGTAAAATCCTCTGATCCATTGAGGACCACCAGTGGCGAAGGCGGTCTGCCAGAACACGTTCGACGGTGAGGGATGAAAGCTGGGGGAGCAAACCGG
Dada80,NT-Alpha,TACCAGCACCTCGAGTGGTCAGGACGTTTATTGGGCCTAAAGCATCCGTAGCCGGCTTTGCAAGTCTTCGGTTAAATCCACCTGCTCAACAGATGGGCCGCTGGAGATACTACAGAGCTAGGGAGTGGGAGAGGCAGACGGTATTCAGTGGGTAGGGGTAAAATCCTCTGATCCATTGAGGACCACCAGTGGCGAAGGCGGTCTGCCAGAACACGTTCGACGGTGAGGGATGAAAGCTGGGGGAGCAAACCGG
Dada92,NS-Gamma,TACCAGCACCCCGAGTGGTCGGGACGATTATTGGGCCTAAAGCATCCGTAGCCGGCCACGCAAGTCCTCCGTTAAATCCAGCCGCTCAACGGTTGGGCTGCGGAGGATACTACGTGGCTAGGAGGCGGGAGAGGCAAGCGGTACTCAATGGGTAGGGGTAAAATCCTTTGATCCATTGAAGACCACCAGTGGCGAAGGCGGCTTGCCAGAACGCGCTCGACGGTGAGGGATGAAAGCTGGGGGAGCAAACCGG
Dada302,NT-Alpha,TACCAGCACCTCGAGTGGTCAGGACGTTTATTGGGCCTAAAGCATCCGTAGCCGGCTCTGCAAGTCTTCGGTTAAATCCACCTGCTCAACAGATGGGCCGCTGGAGATACTACAGAGCTAGGGAGTGGGAGAGGCAGACGGTATTCAGTGGGTAGGGGTAAAATCCTCTGATCCATTGAGGACCACCAGTGGCGAAGGCGGTCTGCCAGAACACGTTCGACGGTGAGGGATGAAAGCTGGGGGAGCAAACCGG
Dada575,NP-Eta,AACCAGCACCTCGAGTGGTCAGGAGGTTTATTGGGCCTAAAGCATCCGTAGCCGGTTGTTTAAGTTTTCGGTTAAATCTATGCGCTTAACGTATAGGCTGCCGAAAATACTGGACAGCTAGGGAGTGGGAGAGGTACACGGTACTCAATAGGAAGGGGTAAAATCCTTTGATCTGTTGATGACCACCTGTGGCGAAGGCGGTGTACCAGAACACGTTCGACGGTGAGGGATGAAAGCTGGGGGAGCAAACCGG
Dada608,NP-Delta,AACCAGCACCTCAAGTGGTCAGGAGGATTATTGGGCCTAAAGCATCCGTAGCCGGTTCTGTAAGTTTCCGGTTAAATCCACTAGCTCAACTAATGGGCTGCCGGAAATACTGCAGAACTAGGGAGTGGGAGAGGTAGACGGTACTCGGTAGGAAGGGGTAAAATCCTTTGATCTATTGATGACCACCTGTGGCGAAGGCGGTCTACCAGAACACGTTCGACGGTGAGGGATGAAAGCTGGGGGAGCAAACCGG
Dada643,NT-Alpha,TACCAGCACCTCGAGTGGTCAGGAGGTTTATTGGGCCTAAAGCATCCGTAGCCGGCTTTGCAAGTCTCCGGTTAAATCCAACTGCTTAACAGATGGGCTGCCGGAGATACTACAAAGCTAGGGAGCGGGAGAGGTAGACGGTATTCTGTGGGTAGGGGTAAAATCCTTTGATCCATAGAGGACCACCAGTGGCGAAGGCGGTCTACCAGAACGCGTTCGACGGTGAGGGATGAAAGCTGGGGGAGCAAACCGG
Dada678,NT-Alpha,TACCAGCACCTCGAGTGGTCAGGACGTTTATTGGGCCTAAAGCATCCGTAGCCTGCTCTGCAAGTCTTCGGTTAAATCCACCTGCTCAACAGATGGGCTGCTGGAGATACTACAGAGCTAGGGAGTGGGAGAGGCAGACGGTATTCAGTGGGTAGGGGTAAAATCCTCTGATCCATTGAGGACCACCAGTGGCGAAGGCGGTCTGCCAGAACACGTTCGACGGTGAGGGATGAAAGCTGGGGGAGCAAACCGG
Dada893,NS-Gamma,TACCAGCACCCCGAGTGGTCGGGACGATTATTGGGCCTAAAGCATCCGTAGCCGGTCGTGCAAGTCTTCCGTTAAATCCAGCCGCTCAACGGATGGGCTGCGGAGGATACTACAGGACTAGGAGGCGGGAGAGGCAAGCGGTACTTAGTGGGTAGGGGTAAAATCCTTTGATCCATTGAAGACCACCAGTGGCGAAGGCGGCTTGCCAGAACGCGCTCGACGGTGAGGGATGAAAGCTGGGGGAGCAAACCGG
Dada1028,NS-Delta,TACCAGCACCCCGAGTGGTCGGGACGATTATTGGGCCTAAAGCATCCGTAGCCGGTTCTGCAAGTCCCCCGTTAAATCCAGCTGCTCAACAGATGGGCCGCGGAGGATACTACAGAGCTAGGAGGCAGGAGAGGCAAGCGGTACTCAGTGGGTAGGGGTAAAATCCGTTGATCCATTGAAGACCACCAGTGGCGAAGGCGGCTTGCCAGAATGCGCTCGACGGTGAGGGATGAAAGCTGGGGGAGCAAACCGG
Dada1334,NS-Zeta,TACCAGCACCCCGAGTGGTCGGGACGTTTATTGGGCCTAAAGCATCCGTAGCCGGTTCTACAAGTCTTCCGTTAAATCCACCTGCTTAACAGATGGGCTGCGGAAGATACTATAGAGCTAGGAGGCGGGAGAGGCAAGCGGTACTCGATGGGTAGGGGTAAAATCCGTTGATCCATTGAAGACCACCAGTGGCGAAGGCGGCTTGCCAGAACGCGCTCGACGGTGAGGGATGAAAGCTGGGGGAGCAAACCGG
Dada1338,NS-Gamma,TACCAGCACCCCGAGTGGTCGGGACGATTATTGGGCCTAAAGCATCCGTAGCCGGTCCTGCAAGTCCTCCGTTAAATCCACCCGCTCAACGGTTGGGCCGCGGGGGATACTACAGGGCTAGGAGGCGGGAGAGGCAAGCGGTACTCGATGGGTAGGGGTAAAATCCACTGATCCATTGAAGACCACCAGTGGCGAAGGCGGCTTGCCAGAACGCGCTCGACGGTGAGGGATGAAAGCTGGGGGAGCAAACCGG
Dada1444,NS-Gamma,TACCAGCACCCCGAGTGGTCGGGACGATTATTGGGCCTAAAGCATCCGTAGCCGGTTGTGCAAGTCTTCCGTTAAATCCAGCCGCTCAACGGATGGGCTGCGGAGGATACTACAGGACTAGGAGGCGGGAGAGGCAAGCGGTACTTAGTGGGTAGGGGTAAAATCCTTTGATCCATTGAAGACCACCAGTGGCGAAGGCGGCTTGCCAGAACGCGCTCGACGGTGAGGGATGAAAGCTGGGGGAGCAAACCGG
Dada1508,NT-Alpha,TACCAGCACCTCGAGTGGTCAGGAGGTTTATTGGGCCTAAAGCATCCGTAGCCGGCTTTGCAAGTCTCCGGTTAAATCCAGCTGCTCAACAGATGGGCTGCCGGAGATACTACAAAGCTAGGGAGCGGGAGAGGTAGACGGTATTCGGTGGGTAGGGGTAAAATCCACTGATCCATCGAGGACCACCAGTGGCGAAGGCGGTCTACCAGAACGCGTTCGACGGTGAGGGATGAAAGCTGGGGGAGCAAACCGG
Dada1743,NS-Delta,TACCAGCACCCCGAGTGGTCGGGACGATTATTGGGCCTAAAGCATCCGTAGCCGGTCCCACAAGTCCTCCGTTAAATCCAACTGCTTAACAGATGGGCCGCGGAGGATACTATGGGGCTAGGAGGCAGGAGAGGCAAGCGGTACTCAGTGGGTAGGGGTAAAATCCGTTGATCCACTGAAGACCACCAGTGGCGAAGGCGGCTTGCCAGAATGCGCTCGACGGTGAGGGATGAAAGCTGGGGGAGCAAACCGG
Dada1987,UD,TACCAGCACCCCGAGTGGTCGGGACGATTATTGGGCCTAAAGCATCCGTAGCCGGTTCTACAAGTCTTCCGTTAAATCCACCTGCTCAACAGTTGGGCTGCGGAGGATACTATAGAGCTAGGAGGCGGGAGAGGCAAGCGGTACTCAGTGGGTAGGGGTAAAATCCGTTGATCCATTGAAGACCACCAGTGGCGAAGGCGGCTTGCCAGAACGCACTCGACGGTGAGGGATGAAAGCTGGGGGAGCAAACCGG
Dada2315,NT-Alpha,TACCAGCACCTCGAGTGGTCAGGAGGTTTATTGGGCCTAAAGCATCCGTAGCCGGCTATGCAAGTCTCCGGTTAAATCCAGCTGCTCAACAGATGGGCTGCCGGAGATACTACATAGCTAGGGAGCGGGAGAGGTAGACGGTATTCGGTGGGTAGGGGTAAAATCCACTGATCCATCGAGGACCACCAGTGGCGAAGGCGGTCTACCAGAACGCGTTCGACGGTGAGGGATGAAAGCTGGGGGAGCAAACCGG
Dada2540,NP-Gamma,AACCAGCACCTCAAGTGGTCAGGATGATTATTGGGCCTAAAGCATCCGTAGCTTGCTTTGTAAGTTCTCGGTTAAATCCATGCGCTTAACGTATGGGCTGCCGGCAATACTGCAAAGCTAGGGAGTGGGAGAGGTAGACGGTACTCGGTAGGAAGGGGTAAAATCCTTTGATCTATTGATGACCACCTGTGGCGAAGGCGGTCTACCAGAACACGTCCGACGGTGAGGGATGAAAGCTGGGGGAGCAAACCGG
Dada2593,NP-Gamma,AACCAGCACCTCAAGTGGTCAGGATGATTATTGGGCCTAAAGCATCCGTAGCTCGTTTTGTAAGTTTTCGGTTAAATCCATGCGCTCAACGTATGGGCTGCCGGGAATACTGCATAACTAGGAAGTGGGAGAGGTAGACGGTACTCGGTAGGAAGGGGTAAAATCCTTTGATCTATTGATGACCACCTGTGGCGAAGGCGGTCTACCAGAACACGTTCGACGGTGAGGGATGAAAGCTGGGGGAGCAAACCGG
Dada2654,NS-Delta,TACCAGCACCCCGAGTGGTCGGGACGATTATTGGGCCTAAAGCATCCGTAGCCGGTTCCTTAAGTCCTCCGTTAAATCCACCTGCTTAACAGATGGGCTGCGGAGGATACTATAGAGCTAGGAGGCGGGAGAGGCAAGCGGTACTCAGTGGGTAGGGGTAAAATCCGTTGATCCATTGAAGACCACCAGTGGCGAAGGCGGCTTGCCAGAACGCGCTCGACGGTGAGGGATGAAAGCTGGGGGAGCAAACCGG
Dada2764,NT-Alpha,TACCAGCACCTCGAGTGGTCAGGACGTTTATTGGGCCTAAAGCATCCGTAGCCGGCTCTGCAAGTCTTCGGTTAAATCCACCTGCTCAACAGATGGGCTGCTGGAGATACTACAAAGCTAGGGAGTGGGAGAGGCAGACGGTATTCAGTGGGTAGGGGTAAAATCCTCTGATCCATTGAGGACCACCAGTGGCGAAGGCGGTCTGCCAGAACACGTTCGACGGTGAGGGATGAAAGCTGGGGGAGCAAACCGG
Dada2820,NS-Gamma,TACCAGCACCCCGAGTGGTCGGGACGATTATTGGGCCTAAAGCATCCGTAGCCGGTCCTGCAAGTCCTCCGTTAAATCCACCCGCTCAACGGTTGGGCCGCGGGGGATACTACAGGGCTAGGAGGCGGGAGAGGCAAGCGGTACTCGATGGGTAGGGGTAAAATCCACTGATCCATTGAAGACCACCAGTGGCGAAGGCGGCCTGCCAGAACGCGCTCGACGGTGAGGGATGAAAGCTGGGGGAGCAAACCGG
Dada3200,NS-Gamma,TACCAGCACCCCGAGTGGTCGGGACGATTATTGGGCCTAAAGCATCCGTAGCCGGTTCTGCAAGTCTTCCGTTAAATCCAGCCGCTCAACGGATGGGCCGCGGAGGATACTACAGGACTAGGAGGCGGGAGAGGCAAGCGGTACTCAGTGGGTAGGGGTAAAATCCTTTGATCCATTGAAGACCACCAGTGGCGAAGGCGGCTTGCCAGAACGCGCTCGACGGTGAGGGATGAAAGCTGGGGGAGCAAACCGG
Dada3546,NS-Zeta,TACCAGCACCCCGAGTGGTCGGGACGTTTATTGGGCCTAAAGCATCCGTAGCCGGTTCTGCAAGTCTTCCGTTAAATCCACCTGCTTAACAGATGGGCTGCGGAAGATACTATAGAGCTAGGAGGCGGGAGAGGCAAGCGGTACTCGATGGGTAGGGGTAAAATCCGTTGATCCATTGAAGACCACCAGTGGCGAAGGCGGCTTGCCAGAACGCGCTCGACGGTGAGGGATGAAAGCTGGGGGAGCAAACCGG
Dada3715,NT-Alpha,TACCAGCACCTCGAGTGGTCAGGAGGTTTATTGGGCCTAAAGCATCCGTAGCCGGCTTTGCAAGTCTCCGGTTAAATCCAGCTGCTCAACAGATGGGCTGCCGGAGATACTACAAAGCTAGGGAGCGGGAGAGGTAGACGGTATTCTGTGGGTAGGGGTAAAATCCACTGATCCATAGAGGACCACCAGTGGCGAAGGCGGTCTACCAGAACGCGTTCGACGGTGAGGGATGAAAGCTGGGGGAGCAAACCGG
Dada3943,NT-Alpha,TACCAGCACCTCGAGTGGTCAGGAGGTTTATTGGGCCTAAAGCATCCGTAGCCGGCTTTGCAAGTCTCCGGTTAAATCCAGCTGCTTAACAGATGGGCTGCCGGAGATACTACAAAGCTAGGGAGCGGGAGAGGTAGACGGTATTCTGTGGGTAGGGGTAAAATCCTTTGATCCATAGAGGACCACCAGTGGCGAAGGCGGTCTACCAGAACGCGTTCGACGGTGAGGGATGAAAGCTGGGGGAGCAAACCGG
Dada4051,NT-Alpha,TACCAGCACCTCGAGTGGTCAGGAGGTTTATTGGGCCTAAAGCATCCGTAGCCGGCTTTGCAAGTCTCCGGTTAAATCCAGCTGCTTAACAGATGGGCTGCCGGAGATACTACAAAGCTAGGGAGCGGGAGAGGTAGACGGTATTCTGTGGGTAGGGGTAAAATCCACTGATCCATAGAGGACCACCAGTGGCGAAGGCGGTCTACCAGAACGCGTTCGACGGTGAGGGATGAAAGCTGGGGGAGCAAACCGG
Dada4136,NT-Alpha,TACCAGCACCTCGAGTGGTCAGGAGGTTTATTGGGCCTAAAGCATCCGTAGCCGGCTTTGCAAGTCTCCGGTTAAATCCAGCTGCTCAACAGATGGGCTGCCGGAGATACTACAAAGCTAGGGAGCGGGAGAGGCAGACGGTATTCTGTGGGTAGGGGTAAAATCCTTTGATCCATAGAGGACCACCAGTGGCGAAGGCGGTCTGCCAGAACGCGTTCGACGGTGAGGGATGAAAGCTGGGGGAGCAAACCGG
Dada4361,NP-Delta,AACCAGCACCTCAAGTGGTCAGGAGGATTATTGGGCCTAAAGCATCCGTAGCCGGTTCTGTAAGTTCCCGGTTAAATCCACTAGCTCAACTAGTGGGCTGCCGGAAATACTGCAGAACTAGGGAGTGGGAGAGGTAGACGGTACTCGGTAGGAAGGGGTAAAATCCTTTGATCTATTGATGACCACCTGTGGCGAAGGCGGTCTACCAGAACACGTTCGACGGTGAGGGATGAAAGCTGGGGGAGCAAACCGG
Dada5220,UD,TACCAGCTCCTCGAGTGGTCAGGGCGTTTATTGGGCCTAAAGCATCCGTAGCCTGCTTGGTAGGTCTCCTGTTAAATCCAACGGCTCAACCGTTGGTCTGCAGGAGATACCGCTAGGCTAGGAGGCGGGAGAGGCGGACGGTACTCCGAGGGTAGGGGTAAAATCCTTTGATCCCCGGAAGACCACCAGTGGCGAAGGCGGTCCGCCAGAACGCGCTCGACGGTGAGGGATGAAAGCTGGGGGAGCGAACCGG
Dada5465,NS-Gamma,TACCAGCACCCCGAGTGGTCGGGACGATTATTGGGCCTAAAGCATCCGTAGCCGGTCATGCAAGTCTTCCGTTAAATCCAGCCGCTCAACGGTTGGGCTGCGGAGGATACTACGTGGCTAGGAGGCGGGAGAGGCAAGCGGTACTCAGTGGGTAGGGGTAAAATCCTTTGATCCATTGAAGACCACCAGTGGCGAAGGCGGCTTGCCAGAACGCGCTCGACGGTGAGGGATGAAAGCTGGGGGAGCAAACCGG
Dada5506,NS-UD,TACCAGCACCCCGAGTGGTCGGGACGATTATTGGGCCTAAAGCATCCGTAGCCGGTTCTACAAGTCTTCCGTTAAATCCACCTGCTCAACAGTTGGGCTGCGGAGGATACTATAGAGCTAGGAGGCGGGAGAGGCAAGCGGTACTCAGTGGGTAGGGGTAAAATCCGTTGATCCATTGAAGACCACCAGTGGCGAAGGCGGCTTGCCAGAACGCGCTCGACGGTGAGGGATGAAAGCTGGGGGAGCAAACCGG
Dada5998,UD,TACCAGCTCCTCGAGTGGTCAGGGCGTTTATTGGGCCTAAAGCATCCGTAGCCTGCTCAGTAGGTCTCCTGTTAAATCCAACGGCTCAACCGTTGGCCTGCAGGAGATACCGCTGGGCTAGGAGGCGGGAGAGGCGGACGGTACTCCGAGGGTAGGGGTAAAATCCTTTGATCCCCGGAAGACCACCAATGGCGAAGGCGGTCCGCCAGAACGCGCTCGACGGTGAGGGATGAAAGCTGGGGGAGCGAACCGG
Dada6305,NP-Delta,AACCAGCACCTCAAGTGGTCAGGAGGATTATTGGGCCTAAAGCATCCGTAGCCGGTTCTGTAAGTTCCCGGTTAAATCCACTAGCTCAACTAATGGGCTGCCGGAAATACTGCAGAACTAGGGAGTGGGAGAGGTAGACGGTACTCGGTAGGAAGGGGTAAAATCCTTTGATCTATTGATGACCACCTGTGGCGAAGGCGGTCTACCAGAACACGTTCGACGGTGAGGGATGAAAGCTGGGGGAGCAAACCGG
Dada6722,UD,TACCAGCTCCTCGAGTGGTCAGGGCGTTTATTGGGCCTAAAGCATCCGTAGCCTGCTTAGTAGGTCTCCTGTTAAATCCAACGGCTCAACCGTTGGTCTGCAGGAGATACCGCTGGGCTAGGAGGCGGGAGAGGCGGACGGTACTCCGAGGGTAGGGGTAAAATCCTTTGATCCCCGGAAGACCACCAGTGGCGAAGGCGGTCCGCCAGAACGCGCTCGACGGTGAGGGATGAAAGCTGGGGGAGCGAACCGG
Dada6987,NS-Delta,TACCAGCACCCCGAGTGGTCGGGACGATTATTGGGCCTAAAGCATCCGTAGCCGGTTCCTTAAGTCCTCCGTTAAATCCACCTGCTTAACAGATGGGCTGCGGAGGATACTATAGAGCTAGGAGGCGGGAGAGGCAAGCGGTACTCAGTGGGTAGGGGTAAAATCCGTTGATCCATTGAAGACCACCAGTGGCGAAGGCGGCTTGCCAGAACGCACTCGACGGTGAGGGATGAAAGCTGGGGGAGCAAACCGG
Dada7180,UD,TACCAGCTCCTCGAGTGGTCAGGGCGTTTATTGGGCCTAAAGCATCCGTAGCCTGCTCAGTAGGTCTCCTGTTAAATCCAACGGCTCAACCGTTGGTCTGCAGGAGATACCGCTGGGCTAGGAGGCGGGAGAGGTGGACGGTACTCCGAGGGTAGGGGTAAAATCCTTTGATCCCCGGAAGACCACCAGTGGCGAAGGCGGTCCACCAGAACGCGCTCGACGGTGAGGGATGAAAGCTGGGGGAGCGAACCGG
Dada7572,NS-UD,TACCAGCACCCCGAGTGGTCGGGACGATTATTGGGCCTAAAGCATCCGTAGCCGGTTCTACAAGTCTTCCGTTAAATCCACCTGCTTAACAGATGGGCTGCAGAGGATACTATAGAGCTAGGAGGCGGGAGAGGCAAGCGGTACTTAGTGGGTAGGGGTAAAATCCGTTGATCCACTGAAGACCACCAGTGGCGAAGGCGGCTTGCCAGAACGCGCTCGACGGTGAGGGATGAAAGCTGGGGGAGCAAACCGG
Dada8165,NT-Alpha,TACCAGCACCTCGAGTGATCAGGACGTTTATTGGGCCTAAAGCATCCGTAGCTGGCTTTGCAAGTCTCCGGTTAAATCAACCTGCTCAACAGATTGGCCGCTGGAGATACTACAAGGCTAGGGAGTGGGAGAGGCAGACGGTATTCGGGGGGTAGGGGTAAAATCCTCTGATCCTCTGAGGACCACCAGTGGCGAAGGCGGTCTGCCAGAACACGTTCGACAGTGAGGGATGAAAGCTGGGGGAGCAAACCGG
Dada8166,NT-Alpha,TACCAGCACCTCGAGTGGTCAGGACGTTTATTGGGCCTAAAGCATCCGTAGCCGGCTTTGCAAGTCTCCGGTTAAATCCACCTGCTCAACAGATGGGCTGCTGGAGATACTACAAAGCTAGGGAGTGGGAGAGGCGGACGGTATTCAGTGGGTAGGGGTAAAATCCTCTGATCCATCGAGGACCACCAGTGGCGAAGGCGGTCCGCCAGAACACGTTCGACGGTGAGGGATGAAAGCTGGGGGAGCAAACCGG
Dada8541,NT-Alpha,TACCAGCACCTCGAGTGGTCAGGAGGTTTATTGGGCCTAAAGCATCCGTAGCCGGCTTTGCAAGTCTCCGGTTAAATCCAACTGCTTAACAGATGGGCTGCCGGAGATACTACAAAGCTAGGGAGCGGGAGAGGTAGACGGTATTCTGTGGGTAGGGGTAAAATCCACTGATCCATAGAGGACCACCAGTGGCGAAGGCGGTCTACCAGAACGCGTTCGACGGTGAGGGATGAAAGCTGGGGGAGCAAACCGG
Dada9013,UD,TACCAGCTCCTCGAGTGGTCAGGGCGTTTATTGGGCCTAAAGCATCCGTAGCCTGCTCAGTAGGTCTCCTGTTAAATCCAACGGCTCAACCGTTGGTCTGCAGGAGATACCGCTGGGCTAGGAGGCGGGAGAGGCGGACGGTACTCCGAGGGTAGGGGTAAAATCCTTTGATCCCCGGAAGACCACCAGTGGCGAAGGCGGTCCGCCAGAACGCGCTCGACGGTGAGGGATGAAAGCTGGGGGAGCGAACCGG
Dada10804,NS-Gamma,TACCAGCACCCCGAGTGGTCGGGACGATTATTGGGCCTAAAGCATCCGTAGCCGGCCACGCGAGTCCTCCGTTAAATCCAGCCGCTCAACGGTTGGGCTGCGGAGGATACTACGTGGCTAGGAGGCGGGAGAGGCAAGCGGTACTCAATGGGTAGGGGTAAAATCCTTTGATCCATTGAAGACCACCAGTGGCGAAGGCGGCTTGCCAGAACGCGCTCGACGGTGAGGGATGAAAGCTGGGGGAGCAAACCGG
Dada11341,NT-Alpha,TACCAGCACCTCGAGTGGTCAGGACGTTTATTGGGCCTAAAGCATCCGTAGCCGGCTTTGCAAGTCTTCGGTTAAATCCACCTGCTCAACAGATGGGCCGCTGGAGATACTACAAAGCTAGGGAGTGGGAGAGGCAGACGGTATTCAGTGGGTAGGGGTAAAATCCTCTGATCCATTGAGGACCACCAGTGGCGAAGGCGGTCTGCCAGAACACGTTCGACGGTGAGGGATGAAAGCTGGGGGAGCAAACCGG
Dada12380,NS-Zeta,TACCAGCACCCCGAGTGGTCGGGACGTTTATTGGGCCTAAAGCATCCGTAGCCGGTTCTACAAGTCTTCCGTTAAATCCAACTGCTTAACAGGTGGGCTGCGGAAGATACTATAGATCTAGGAGGCGGGAGAGGCAAGCGGTACTCGATGGGTAGGGGTAAAATCCGTTGATCCATTGAAGACCACCAGTGGCGAAGGCGGCTTGCCAGAACGCGCTCGACGGTGAGGGATGAAAGCTGGGGGAGCAAACCGG
Dada13130,NS-Gamma,TACCAGCACCCCGAGTGGTCGGGACGATTATTGGGCCTAAAGCATCCGTAGCCGGCCACGCAAGTCCTCCGTTAAATCCAGCCGCTCAACGGTTGGGCTGCGGAGGATACTACGTGACTAGGAGGCGGGAGAGGCAAGCGGTACTCAATGGGTAGGGGTAAAATCCTTTGATCCATTGAAGACCACCAGTGGCGAAGGCGGCTTGCCAGAACGCGCTCGACGGTGAGGGATGAAAGCTGGGGGAGCAAACCGG
Dada13349,NT-Alpha,TACCAGCACCTCGAGTGGTCAGGACGTTTATTGGGCCTAAAGCATCCGTAGCCGGCTTTGCAAGTCTCCGGTTAAATCCAACTGCTCAACAGATGGGCTGCCGGAGATACTACAAAGCTAGGGAGCGGGAGAGGCAGACGGTATTCGGTGGGTAGGGGTAAAATCCTCTGATCCATTGAGGACCACCAGTGGCGAAGGCGGTCTGCCAGAACGCGTTCGACGGTGAGGGATGAAAGCTGGGGGAGCAAACCGG
Dada14106,NT-Alpha,TACCAGCACCTCGAGTGGTCAGGAGGTTTATTGGGCCTAAAGCATCCGTAGCCGGCTTTGCAAGTCTCCGGTTAAATCCAACTGCTTAACAGATGGGCTGCCGGAGATACTACAAAGCTAGGGAGCGGGAGAGGTAGACGGTACTCTGTGGGTAGGGGTAAAATCCACTGATCCATAGAAGACCACCAGTGGCGAAGGCGGTCTACCAGAACGCGTTCGACGGTGAGGGATGAAAGCTGGGGGAGCAAACCGG
Dada17288,NT-Alpha,TACCAGCACCTCGAGTGGTCAGGAGGTTTATTGGGCCTAAAGCATCCGTAGCCGGCTTTGCAAGTCTCCGGTTAAATCCGGCTGCTCAACAGATGGGCTGCCGGAGATACTACAAAGCTAGGGAGCGGGAGAGGTAGACGGTATTCTGTGGGTAGGGGTAAAATCCACTGATCCATAGAGGACCACCAGTGGCGAAGGCGGTCTACCAGAACGCGTTCGACGGTGAGGGATGAAAGCTGGGGGAGCAAACCGG
Dada20745,NS-UD,TACCAGCACCCCGAGTGGTCGGGACGATTATTGGGCCTAAAGCATCCGTAGCCGGTTCTACAAGTCTTCCGTTAAATCCACCTGCTCAACAGATGGGCTGCGGAGGATACTATAGAGCTAGGAGGCGGGAGAGGCAAGCGGTACTTAGTGGGTAGGGGTAAAATCCGTTGATCCATTGAAGACCACCAGTGGCGAAGGCGGCTTGCCAGAACGCACTCGACGGTGAGGGATGAAAGCTGGGGGAGCAAACCGG
Dada22020,NT-Alpha,TACCAGCACCTCGAGTGGTCAGGACGTTTATTGGGCCTAAAGCATCCGTAGCCGGCTTTGCAAGTCTTCGGTTAAATCCACCTGCTCAACAGATGGGCTGCTGGAGATACTACAGAGCTAGGGAGTGGGAGAGGCAGACGGTATTCAGTGGGTAGGGGTAAAATCCTCTGATCCATTGAGGACCACCAGTGGCGAAGGCGGTCTGCCAGAACACGTTCGACGGTGAGGGATGAAAGCTGGGGGAGCAAACCGG
Dada24748,NS-Zeta,TACCAGCACCCCGAGTGGTCGGGACGTTTATTGGGCCTAAAGCATCCGTAGCCGGTTCTACAAGTCTTCCGTTAAATCCAACTGCTTAACAGGTGGGCTGCGGAAGATACTATAGAGCTAGGAGGCGGGAGAGGCAAGCGGTACTCGATGGGTAGGGGTAAAATCCGTTGATCCATTGAAGACCACCAGTGGCGAAGGCGGCTTGCCAGAACGCGCTCGACGGTGAGGGATGAAAGCTGGGGGAGCAAACCGG
Dada25387,NT-Alpha,TACCAGCACCTCGAGTGGTCAGGATGTTTATTGGGCCTAAAGCATCCGTAGCCGGCTTTGCAAGTCTCCGGTTAAATCCAGCTGCTCAACAGATGGGCTGCCGGAGATACTACAAAGCTAGGGAGCGGGAGAGGCAGACGGTATTCGGTGGGTAGGGGTAAAATCCTCTGATCCATTGAGGACCACCAGTGGCGAAGGCGGTCTGCCAGAACGCGTTCGACGGTGAGGGATGAAAGCTGGGGGAGCAAACCGG
Dada26253,NS-Delta,TACCAGCACCCCGAGTGGTCGGGACGATTATTGGGCCTAAAGCATCCGTAGCCGGTCCCACGAGTCCTCCGTTAAATCCAACTGCTTAACAGATGGGCCGCGGAGGATACTATGGGGCTAGGAGGCAGGAGAGGCAAGCGGTACTCAGTGGGTAGGGGTAAAATCCGTTGATCCACTGAAGACCACCAGTGGCGAAGGCGGCTTGCCAGAATGCGCTCGACGGTGAGGGATGAAAGCTGGGGGAGCAAACCGG
Dada27726,NP-Gamma,AACCAGCACCTCAAGTGGTCAGGATGATTATTGGGCCTAAAGCATCCGTAGCTCGTTTTGTAAGTTTTCGGTTAAATCCATGCGCTTAACGTATGGGCTGCCGGGAATACTGCATAACTAGGAAGTGGGAGAGGTAGACGGTACTCGGTAGGAAGGGGTAAAATCCTTTGATCTATTGATGACCACCTGTGGCGAAGGCGGTCTACCAGAACACGTTCGACGGTGAGGGATGAAAGCTGGGGGAGCAAACCGG
Dada30358,NP-Delta,AACCAGCACCTCAAGTGGTCAGGAGGATTATTGGGCCTAAAGCATCCGTAGCCGGTTCTGTAAGTTCCCGGTTAAATCCATTAGCTTAACTAATGGGCTGCCGGAAATACTGCAGAACTAGGGAGTGGGAGAGGTAGACGGTACTCGGTAGGAAGGGGTAAAATCCTTTGATCTATTGATGACCACCTGTGGCGAAGGCGGTCTACCAGAACACGTTCGACGGTGAGGGATGAAAGCTGGGGGAGCAAACCGG
Dada30633,NS-Gamma,TACCAGCACCCCGAGTGGTCGGGACGATTATTGGGCCTAAAGCATCCGTAGCCGGCCATGCAAGTCCTCCGTTAAATCCAGCCGCTCAACGGTTGGGCTGCGGAGGATACTACGTGGCTAGGAGGCGGGAGAGGCAAGCGGTACTCAATGGGTAGGGGTAAAATCCTTTGATCCATTGAAGACCACCAGTGGCGAAGGCGGCTTGCCAGAACGCGCTCGACGGTGAGGGATGAAAGCTGGGGGAGCAAACCGG
